{
    "name": "halloween_structures:halloween_village",
      "fallback": "minecraft:empty",
      "elements": [{
          "weight": 4,
          "element": {
            "element_type": "minecraft:single_pool_element",
            "location": "halloween_structures:halloween_village/houses/residence/small_house1",
            "projection": "rigid",
            "processors": "minecraft:empty"
          }
        },
        {
          "weight": 2,
          "element": {
              "element_type": "minecraft:single_pool_element",
              "location": "halloween_structures:halloween_village/houses/residence/small_house2",
              "projection": "rigid",
              "processors": "minecraft:empty"
          }
        },
        {
          "weight": 3,
          "element": {
              "element_type": "minecraft:single_pool_element",
              "location": "halloween_structures:halloween_village/houses/residence/small_house3",
              "projection": "rigid",
              "processors": "minecraft:empty"
          }
        }
      ]
    }