{
	"name": "halloween_structures:halloween_village",
	"fallback": "minecraft:empty",
	"elements": [
		{
			"weight": 1,
			"element": {
				"element_type": "minecraft:single_pool_element",
				"location": "halloween_structures:halloween_village/large_house/large_house1_middle",
				"projection": "rigid",
				"processors": "minecraft:empty"
			}
		},
		{
			"weight": 1,
			"element": {
				"element_type": "minecraft:single_pool_element",
				"location": "halloween_structures:halloween_village/large_house/large_house2",
				"projection": "rigid",
				"processors": "minecraft:empty"
			}
		}
	]
}