{
    "name": "halloween_structures:halloween_village",
      "fallback": "minecraft:empty",
      "elements": [{
        "weight": 1,
        "element": {
            "element_type": "empty_pool_element"
        }
    },
    {
          "weight": 4,
          "element": {
            "element_type": "minecraft:single_pool_element",
            "location": "halloween_structures:halloween_village/paths/cross_path",
            "projection": "terrain_matching",
            "processors": "minecraft:empty"
          }
        },
        {
          "weight": 6,
          "element": {
              "element_type": "minecraft:single_pool_element",
              "location": "halloween_structures:halloween_village/paths/curved_path",
              "projection": "terrain_matching",
              "processors": "minecraft:empty"
          }
        },
        {
          "weight": 8,
          "element": {
              "element_type": "minecraft:single_pool_element",
              "location": "halloween_structures:halloween_village/paths/straight_path",
              "projection": "terrain_matching",
              "processors": "minecraft:empty"
          }
        },
        {
          "weight": 6,
          "element": {
              "element_type": "minecraft:single_pool_element",
              "location": "halloween_structures:halloween_village/paths/t_path",
              "projection": "terrain_matching",
              "processors": "minecraft:empty"
          }
        }
      ]
    }