{
	"type": "minecraft:jigsaw",
	"start_pool": "halloween_structures:ocean_eyes",
	"biomes": [
        "ocean",
        "deep_ocean",
        "cold_ocean",
        "lukewarm_ocean",
        "frozen_ocean",
        "deep_cold_ocean"
    ],
	"project_start_to_heightmap": "OCEAN_FLOOR_WG",
	"start_height": {
		"absolute": 0
	},
	"spawn_overrides": {},
	"step": "surface_structures",
	"use_expansion_hack": false,
	"max_distance_from_center": 1,
	"size": 1,
	"terrain_adaptation": "none"
}