{
    "type": "minecraft:jigsaw",
    "biomes": "#has_structure/mineshaft",
    "step": "underground_structures",
    "spawn_overrides": {},
    "terrain_adaptation": "none",
    "start_pool": "halloween_structures:underground_graves",
    "size": 2,
    "start_height": {
      "type": "minecraft:uniform",
      "min_inclusive": {
        "absolute": -50
      },
      "max_inclusive": {
        "absolute": 50
      }
    },
    "max_distance_from_center": 8,
    "use_expansion_hack": false
  }