{
    "structures": [
      {
        "structure": "halloween_structures:desert_temple",
        "weight": 1
      }
    ],
    "placement": {
      "type": "minecraft:random_spread",
      "spacing": 48,
      "separation": 38,
      "salt": 1885060826,
      "exclusion_zone": {
      "other_set": [
        "minecraft:villages",
        "minecraft:desert_pyramid",
        "halloween_structures:mummy_hand",
        "halloween_structures:desert_statue",
        "halloween_structures:desert_oasis",
        "halloween_structures:desert_pyramid"
    ],
      "chunk_count": 2
    }
    }
  }