{
    "name": "halloween_structures:ghosts",
      "fallback": "minecraft:empty",
      "elements": [
        {
          "weight": 2,
          "element": {
            "element_type": "minecraft:single_pool_element",
            "location": "halloween_structures:ghosts/pumpkin_ghost",
            "projection": "rigid",
            "processors": "minecraft:empty"
          }
        },
        {
          "weight": 1,
          "element": {
              "element_type": "minecraft:single_pool_element",
              "location": "halloween_structures:ghosts/glowstone_ghost",
              "projection": "rigid",
              "processors": "minecraft:empty"
          }
        },
        {
          "weight": 3,
          "element": {
              "element_type": "minecraft:single_pool_element",
              "location": "halloween_structures:ghosts/skeleton_ghost",
              "projection": "rigid",
              "processors": "minecraft:empty"
          }
        }
      ]
    }