{
	"name": "halloween_structures:graveyard_birch",
	"fallback": "minecraft:empty",
	"elements": [
		{
			"weight": 2,
			"element": {
				"element_type": "minecraft:single_pool_element",
				"location": "halloween_structures:graveyard_birch/graveyard_birch_top",
				"projection": "rigid",
				"processors": "minecraft:empty"
			}
		},
		{
			"weight": 1,
			"element": {
				"element_type": "minecraft:single_pool_element",
				"location": "halloween_structures:graveyard_birch/graveyard2_birch_top",
				"projection": "rigid",
				"processors": "minecraft:empty"
			}
		}
	]
}