{
    "fallback": "minecraft:empty",
    "elements": [
      {
        "weight": 1,
        "element": {
          "element_type": "minecraft:single_pool_element",
          "location": "halloween_structures:ocean_eyes/ocean_eye0",
          "projection": "rigid",
          "processors": "minecraft:empty"
        }
      },
      {
        "weight": 1,
        "element": {
          "element_type": "minecraft:single_pool_element",
          "location": "halloween_structures:ocean_eyes/ocean_eye1",
          "projection": "rigid",
          "processors": "minecraft:empty"
        }
      },
      {
        "weight": 1,
        "element": {
          "element_type": "minecraft:single_pool_element",
          "location": "halloween_structures:ocean_eyes/ocean_eye2",
          "projection": "rigid",
          "processors": "minecraft:empty"
        }
      },
      {
        "weight": 1,
        "element": {
          "element_type": "minecraft:single_pool_element",
          "location": "halloween_structures:ocean_eyes/ocean_eye3",
          "projection": "rigid",
          "processors": "minecraft:empty"
        }
      }
    ]
  }