{
    "fallback": "minecraft:empty",
    "elements": [
      {
        "weight": 1,
        "element": {
          "element_type": "minecraft:single_pool_element",
          "location": "halloween_structures:ocean_eyes_ground/ocean_eye_ground0",
          "projection": "rigid",
          "processors": "minecraft:empty"
        }
      },
      {
        "weight": 1,
        "element": {
          "element_type": "minecraft:single_pool_element",
          "location": "halloween_structures:ocean_eyes_ground/ocean_eye_ground1",
          "projection": "rigid",
          "processors": "minecraft:empty"
        }
      },
      {
        "weight": 1,
        "element": {
          "element_type": "minecraft:single_pool_element",
          "location": "halloween_structures:ocean_eyes_ground/ocean_eye_ground2",
          "projection": "rigid",
          "processors": "minecraft:empty"
        }
      },
      {
        "weight": 1,
        "element": {
          "element_type": "minecraft:single_pool_element",
          "location": "halloween_structures:ocean_eyes_ground/ocean_eye_ground3",
          "projection": "rigid",
          "processors": "minecraft:empty"
        }
      },
      {
        "weight": 1,
        "element": {
          "element_type": "minecraft:single_pool_element",
          "location": "halloween_structures:ocean_eyes_ground/ocean_eye_ground_0_eye_0",
          "projection": "rigid",
          "processors": "minecraft:empty"
        }
      },
      {
        "weight": 1,
        "element": {
          "element_type": "minecraft:single_pool_element",
          "location": "halloween_structures:ocean_eyes_ground/ocean_eye_ground_1_eye_1",
          "projection": "rigid",
          "processors": "minecraft:empty"
        }
      },
      {
        "weight": 1,
        "element": {
          "element_type": "minecraft:single_pool_element",
          "location": "halloween_structures:ocean_eyes_ground/ocean_eye_ground_2_eye_2",
          "projection": "rigid",
          "processors": "minecraft:empty"
        }
      },
      {
        "weight": 1,
        "element": {
          "element_type": "minecraft:single_pool_element",
          "location": "halloween_structures:ocean_eyes_ground/ocean_eye_ground_3_eye_3",
          "projection": "rigid",
          "processors": "minecraft:empty"
        }
      }
    ]
  }