{
    "name": "halloween_structures:small_mushrooms",
      "fallback": "minecraft:empty",
      "elements": [
        {
          "weight": 5,
          "element": {
            "element_type": "minecraft:single_pool_element",
            "location": "halloween_structures:small_mushrooms/small_mushroom0",
            "projection": "rigid",
            "processors": "minecraft:empty"
          }
        },
        {
          "weight": 1,
          "element": {
              "element_type": "minecraft:single_pool_element",
              "location": "halloween_structures:small_mushrooms/small_mushroom1",
              "projection": "rigid",
              "processors": "minecraft:empty"
          }
        },
        {
          "weight": 1,
          "element": {
              "element_type": "minecraft:single_pool_element",
              "location": "halloween_structures:small_mushrooms/small_mushroom2",
              "projection": "rigid",
              "processors": "minecraft:empty"
          }
        },
        {
          "weight": 1,
          "element": {
              "element_type": "minecraft:single_pool_element",
              "location": "halloween_structures:small_mushrooms/small_mushroom3",
              "projection": "rigid",
              "processors": "minecraft:empty"
          }
        }
      ]
    }