{
  "name": "halloween_structures:swamp_branches",
    "fallback": "minecraft:empty",
    "elements": [
      {
        "weight": 5,
        "element": {
          "element_type": "minecraft:single_pool_element",
          "location": "halloween_structures:swamp_branches/swamp_branch",
          "projection": "rigid",
          "processors": "minecraft:empty"
        }
      },
      {
        "weight": 1,
        "element": {
            "element_type": "minecraft:single_pool_element",
            "location": "halloween_structures:swamp_branches/swamp_branch_grave_top",
            "projection": "rigid",
            "processors": "minecraft:empty"
        }
      }
    ]
  }